{"version":2,"hash":{"type":"Buffer","data":"ttzrJleP5Hwv+oBUzfzFOFR+Hmkoy8tINfZF/AgvlzYHW8hkRTScEbUSwDZng0QcBVNxeO+xMmmV7TRPjokE1G+JGC+nLzNKAVm15Bazf7o9CszzmuGJfxE2Dzhljqu6wyMUUKHi5D9JOaQa7Hl8UYLIxn9yKODzxtyuZaVK7+I="},"indexValueMap":{"JJ3Xl1xIOBgTkW/hcdnIQEwxXYLMO45CYEleOmIYX1E=":{"valueMac":{"type":"Buffer","data":"qccLx7eTxz2s7q5l5ujHMf8vTvcXtXnl4PaK9j/G96Y="}},"epzuEizHR+XG/xwdMfc0IpBO34PFSs5LwQYKsIlFIRc=":{"valueMac":{"type":"Buffer","data":"975wHjXfjF7e5zR1cRK3W/AdqZCzW1PFWnsJIC6E2Nc="}},"hLhDy/HwMhub419YvNv+rzr8qnfI+U2s+/uwjOSpwLk=":{"valueMac":{"type":"Buffer","data":"LFHoU5IDQzzCK5LX4VKUOvLuXpOibthUVmNLx5m47Rw="}},"xHtnE0olsDZaVobzbKk1Zh5q3O1lb/6iTvjhpGcrjNk=":{"valueMac":{"type":"Buffer","data":"IefjeGY3EXyeBfNR4M3mmW4fZ3JPJ/1VuOSHtJrff9M="}},"zeaquy4mz7rSVG/uHUzNc3RAiJvsN4sONsnnMv4LcW4=":{"valueMac":{"type":"Buffer","data":"eaV019PBu7PV9I+DTdXgFm9caYcAoFO2BsSWqlrWW50="}},"oCoB4Hg42kZBLk5bETVOey8bOoW3V1EeylpEZ2N0ABo=":{"valueMac":{"type":"Buffer","data":"AivZKZ9vrvdz4VmK1Nqd6ZI36NXH26u5WaWf6fD5Fis="}}}}