{"version":10,"hash":{"type":"Buffer","data":"QAzEnDSIn4FxQZrufcJT/rRi13q7LDBBHKymI5eXYvaQK9t0eCeLyId7j3V5S8pdFxIRs+BeV5rTiK+uxCyK3zh2PN/D37cVdd7PJpDwrWA1TEjFY/YrG+Zj0coHEsKfSfbi743beI4h6AihYiaLuRNjytcbuaOozZjganFxx9U="},"indexValueMap":{"V1BMlA9lsSsicAYdxpmk6FahJnCkY0e0dFxUYBTAIjY=":{"valueMac":{"type":"Buffer","data":"/yPK5i+3hGXr99MuhvTc6uAxnCsF0b3go8WwZiqT3NI="}},"diWKslOpoU12m/LRUE62q8d/ds5VvxPf8xl8n4mZDto=":{"valueMac":{"type":"Buffer","data":"MaVbredOCMzPx6pq9TxfFVlAutrsDomjJRKbqqR1CVM="}},"mAHyCtuQhOmQr7FuS51R+u+qtN7G+XltoF9T6iqwtVE=":{"valueMac":{"type":"Buffer","data":"PNoaUmsMxlVIyxd42t0ZIkPDylT/7eMK2b+ZwUVvz34="}},"seKBgzCLQzaf4bLSQs23oV+jj1Bobaz1z5MpdfoiEsM=":{"valueMac":{"type":"Buffer","data":"9c16p53DmaGFjuDXge3cod3kVUMd04TwHt+c8VZRXQU="}},"wYPiAlMSDkM/DhMFwfn8+CIB2lyJ+80EjoNjgg7++MY=":{"valueMac":{"type":"Buffer","data":"W346Aw8HxVJJf55Uo27dhT7Y2H6YkZ4jN87d1pWnZqQ="}},"yc9RemvL+Yr8uYwbgoGp5+kYSgG9Y/Z6Z/LsgH+bw14=":{"valueMac":{"type":"Buffer","data":"kYxV6dSzg3gie6o5noWnuZdfOpoyMiQzhZXvSK5GW/A="}},"37uhWC/y6HAL6LRHoz+IL1FVAM5KNc2pJPXGhzh/MmA=":{"valueMac":{"type":"Buffer","data":"J3iPpDb6k9RrrC75fnZUEoJ1fUQ/PGVh757dssmIOwM="}},"+RD3E3td9jX6lZkuJt6R07y4sD9whSsyp8llhG6flc8=":{"valueMac":{"type":"Buffer","data":"FhcS2helsD3o8RbQF7ZXcNLD1FMnzhIofAgSWnMJTgw="}},"/t8J4WDTcERFIE4jhSKDFlkFrr8V5dyXSK1FfZUQfCM=":{"valueMac":{"type":"Buffer","data":"GBvoIYft32J1prP8xFSrugzIacn7322Y8nVuo88pa0E="}},"1nhQIqKQQIY7uH0TX//icRv0uO/W8xwGX8ZZg1M/VQ0=":{"valueMac":{"type":"Buffer","data":"v2l929Zv1wPLaMI9OarOZtCiBNDqP414lY0dVTX4THw="}},"aouBNw3chLJT3YKvxutqdA0z80qY8ZprlEpNooKQHXM=":{"valueMac":{"type":"Buffer","data":"ItusS1UpjoZR5TlNxm61Tna/qwe8sISkgiU87h1eiDE="}},"8XFfH7KAfONjhYBBU+Y16hqgMmMIPTblH+iWwFvqbQY=":{"valueMac":{"type":"Buffer","data":"0/XPGRhsDYftXHcnLLFi6Mn2KnWgl3skogcu5aFwPhY="}},"we9WhR6xIdaH6aWBWH2LLK+neMX1s+Op6kxYl6NqVrU=":{"valueMac":{"type":"Buffer","data":"YPW7Oxxi0WWfTykWVmt1zKaahlNwYCltGrdpnvNlpX4="}},"E9tM2T5LPtD4Y/eGctyzwOwtWQ957+LfNRVzFacJbQo=":{"valueMac":{"type":"Buffer","data":"1IvjN7hBIS2f5a5Yjq5clhkzFU+91t3dCwKN9pEl/10="}},"YKiA+3V/u/kMD4+4hnV0EVPTZQPY7XmMHCLCJux4CoQ=":{"valueMac":{"type":"Buffer","data":"89tYJuA16xnkUQ6OX3nxtVe4huUGGTrvry/Qk6RUR8A="}}}}