{"noiseKey":{"private":{"type":"Buffer","data":"6Fx2Z/9E3CDZSL9wfVaJVhla4+ELoW0k+Si4sKs1BGI="},"public":{"type":"Buffer","data":"Qmw6dJWwwW/NWxi0eLa9ocJqITXVGU1ejglCCblt9y0="}},"signedIdentityKey":{"private":{"type":"Buffer","data":"AGCeUkWBSq7duU8oaSDI71LZWoFUSpDVHaZiIRmduXA="},"public":{"type":"Buffer","data":"ntLzflfT/XsgsbeeLgK3ayedTPEChMWyy5hkq1ypiGo="}},"signedPreKey":{"keyPair":{"private":{"type":"Buffer","data":"UMcNJGt6EWdmgys65ImmY0+ayysNWeJLQcocWvezEWg="},"public":{"type":"Buffer","data":"Uk177f21g5fVHZw5grLaJx47PLcDxFZmcEX01JimC3I="}},"signature":{"type":"Buffer","data":"q8YXELC+Z3dMwzYiDOvdsAT4orRHdEWzumHf9D3MjwDCpF5T8exLe+zAr3huqFDRML/XSPkSfDtXpvjbCb69AA=="},"keyId":1},"registrationId":95,"advSecretKey":"ly57WkHItkY3kpu+d0kbkHN3T6jG9+51FAca91NlLOE=","processedHistoryMessages":[{"key":{"remoteJid":"6283111136642@s.whatsapp.net","fromMe":true,"id":"95B1830B350EB77091C263FD3C0B7179"},"messageTimestamp":1674409263},{"key":{"remoteJid":"6283111136642@s.whatsapp.net","fromMe":true,"id":"9AC29CAFE3921FD02A3387571186FC37"},"messageTimestamp":1674409263}],"nextPreKeyId":31,"firstUnuploadedPreKeyId":31,"accountSyncCounter":1,"accountSettings":{"unarchiveChats":false},"account":{"details":"CMfIkvoBEKPqtZ4GGAQ=","accountSignatureKey":"kdUC4QO7szItkwW9SMdvYqpG6s0Bnx30+PtoTq5IChs=","accountSignature":"uY8fNDocMnImy4t/GhrK+ZjqstUTM2x+Mk2/0H/BoC75vLxRB2QYGdWVMIpSnr8T12JrKgRH1W6enB1L9HIADA==","deviceSignature":"Whxo1ghjcKjCe31gjbKQV9sOUEsWV/VPfz4IO09v9w27tn7kRQOW7g7FuZrhpkxPnO8jNqrEEPizKp60ahpvDw=="},"me":{"id":"6283111136642:50@s.whatsapp.net","name":"Bot`Saxia-MD"},"signalIdentities":[{"identifier":{"name":"6283111136642:50@s.whatsapp.net","deviceId":0},"identifierKey":{"type":"Buffer","data":"BZHVAuEDu7MyLZMFvUjHb2KqRurNAZ8d9Pj7aE6uSAob"}}],"platform":"smba","lastAccountSyncTimestamp":1674409253,"myAppStateKeyId":"AAAAAJCn"}