{"_sessions":{"BR61N8/h3g0iMnzhXKXBBcw6m0EDt0z1L6WEAct/Av1F":{"registrationId":10,"currentRatchet":{"ephemeralKeyPair":{"pubKey":"BYDIC3RU3fwifE66jcCC+Vb1sUqCmWRwpXlo/wa+S8Uo","privKey":"0PO2CsvhIa3/dxxqkQItZki2E43TpkXdDI85fpsQjGA="},"lastRemoteEphemeralKey":"BZWy4bZpYzTyYUSoPh5W/F5k1XOwaBg6nexz2D7cavMp","previousCounter":0,"rootKey":"jx5tYJpiuowh9avyDi947PxGOuPyWu3d6iQ+5I2dV2I="},"indexInfo":{"baseKey":"BR61N8/h3g0iMnzhXKXBBcw6m0EDt0z1L6WEAct/Av1F","baseKeyType":1,"closed":-1,"used":1674409259173,"created":1674409259173,"remoteIdentityKey":"BbYpAme3W76bUsFpPJUXEAfrd+rNAZ/BYRHUxEwY5c4e"},"_chains":{"BYDIC3RU3fwifE66jcCC+Vb1sUqCmWRwpXlo/wa+S8Uo":{"chainKey":{"counter":0,"key":"1P73OiPEYSh+T0iLlLRMWT/LsNjyAyec62TSuKaqPAU="},"chainType":1,"messageKeys":{}}},"pendingPreKey":{"signedKeyId":1,"baseKey":"BR61N8/h3g0iMnzhXKXBBcw6m0EDt0z1L6WEAct/Av1F"}}},"version":"v1"}