{"_sessions":{"BZZkfRQuJWTYGLrhB8oaD5mcyLrGvRWp8lfmFpU9pU8p":{"registrationId":192,"currentRatchet":{"ephemeralKeyPair":{"pubKey":"BdhMjggreWB5QU2NPMS1QV+Fu+DYSlpkaqh4i4e8eVx0","privKey":"II0/iVQWkH1/T+Sc4PFNchbmii5ZAwsUmKQkuAX/nmA="},"lastRemoteEphemeralKey":"BWQMDgUiOAUa/kNFx4mJe1IMPxhn6I8/TvYpVVo1aB49","previousCounter":0,"rootKey":"0QkPTdYU/iJI8XbNgtBawliGN3cXackTjF9k6IYd1pw="},"indexInfo":{"baseKey":"BZZkfRQuJWTYGLrhB8oaD5mcyLrGvRWp8lfmFpU9pU8p","baseKeyType":1,"closed":-1,"used":1674409259152,"created":1674409259152,"remoteIdentityKey":"BdPtvJebPznzf79hpQjIoN1iS0lW3luGXxvycAIDp9Z0"},"_chains":{"BdhMjggreWB5QU2NPMS1QV+Fu+DYSlpkaqh4i4e8eVx0":{"chainKey":{"counter":0,"key":"5QJwzzcg+ePpTs/Nhkc0xuP6/aMnaxYy71HQ1MoAfjg="},"chainType":1,"messageKeys":{}}},"pendingPreKey":{"signedKeyId":1,"baseKey":"BZZkfRQuJWTYGLrhB8oaD5mcyLrGvRWp8lfmFpU9pU8p"}}},"version":"v1"}