{"_sessions":{"Be91CkegeZsQU7VB5S2bCuVWM08GsA5qp279IlhZp3ZB":{"registrationId":1220750907,"currentRatchet":{"ephemeralKeyPair":{"pubKey":"BQmrzMKTl1IyNxVS+Is2i65aoPcDVhNdfRqjwRrovYVv","privKey":"YORop1CqkprxgUf6pFZ6H4TMnDP0jKjpS+6u9KiL+3o="},"lastRemoteEphemeralKey":"BanxwJx0m7SiMljbn/3EFHhUP16LlSmKB6WTPHNcrZo+","previousCounter":1,"rootKey":"0H5a6o0VgL6zBO5kEm01+DaumqBJspgn6MbE1El2j1E="},"indexInfo":{"baseKey":"Be91CkegeZsQU7VB5S2bCuVWM08GsA5qp279IlhZp3ZB","baseKeyType":2,"closed":-1,"used":1674409263554,"created":1674409254744,"remoteIdentityKey":"BZHVAuEDu7MyLZMFvUjHb2KqRurNAZ8d9Pj7aE6uSAob"},"_chains":{"BZvyg2R9OEIlr5s8gaI5JKomAJUkpxvvNBYxyNafpOIs":{"chainKey":{"counter":1},"chainType":2,"messageKeys":{}},"BanxwJx0m7SiMljbn/3EFHhUP16LlSmKB6WTPHNcrZo+":{"chainKey":{"counter":3,"key":"N1FaMMb3K/ZmpxwAufImVd0YjJGZRDp+2MbfiGLz7n8="},"chainType":2,"messageKeys":{}},"BQmrzMKTl1IyNxVS+Is2i65aoPcDVhNdfRqjwRrovYVv":{"chainKey":{"counter":-1,"key":"k50+7Blv/2P8PnmVoJDaNI1209yaT7wLfnbiqRWTft4="},"chainType":1,"messageKeys":{}}}}},"version":"v1"}